Month,Base Set 1st Ed.,Base Set 1st Ed. Holos,Base Set Shadowless,Base Set Shadowless Holos,Base Set Unlimited,Base Set Unlimited Holos,Jungle 1st Edition,Jungle 1st Ed. Holos,Jungle Unlimited,Jungle Unlimited Holos,Fossil 1st Ed.,Fossil 1st Ed. Holos,Fossil Unlimited,Fossil Unlimited Holos,Team Rocket 1st Ed,Team Rocket 1st Ed Holos,Team Rocket Unlimited,Team Rocket Unliimted Holos,Gym Heroes 1st Edition,Gym Heroes 1st Edition Holos,Gym Heroes Unlimited,Gym Heroes Unlimited Holos,Gym Challenge 1st Edition,Gym Challenge1st Edition Holos,Gym Challenge Unlimited,Gym Challenge Unlimited Holos,Neo Genesis 1st Edition,Neo Genesis 1st Edition Holos,Neo Genesis Unlimited,Neo Genesis Unlimited Holos,Neo Discovery 1st Edition,Neo Discovery 1st Edition Holos,Neo Discovery Unlimited,Neo Discovery Unlimited Holos,Neo Revelation 1st Edition,Neo Revelation 1st Edition Holos,Neo Revelation Unlimited,Neo Revelation Unlimited Holos,Neo Destiny 1st Edition,Neo Destiny 1st Edition Holos,Neo Destiny Unlimited,Neo Destiny Unlimited Holos,Base Set II,Base Set II Holos,Legendary Collection Inc. Reverses,Legendary Collection Exc. Reverses,Legendary Collection Holos Inc. Reverses,Legendary Collection Holos Exc. Reverses,Expedition Base Set Inc. Reverses,Expedition Base Set Exc. Reverses,Expedition Base Set Holos Inc. Reverses,Expedition Base Set Holos Exc. Reverses,Aquapolis Inc. Reverses,Aquapolis Exc. Reverses,Aquapolis Holos Inc. Reverses,Aquapolis Holos Exc. Reverses,Skyridge Inc. Reverses,Skyridge Exc. Reverses,Skyridge Holos Inc. Reverses,Skyridge Holos Exc. Reverses,EX Ruby & Sapphire Holos Exc. Reverses,EX Ruby & Sapphire EX Holos Only,EX Sandstorm Holos Exc. Reverses,EX Sandstorm EX Holos Only,EX Dragon Holos Exc. Reverses,EX Dragon EX Holos Only,EX Team Magma vs. Team Aqua Holos Exc. Reverses,EX Team Magma vs. Team Aqua EX Holos Only,EX Hidden Legends Holos Exc. Reverses,EX Hidden Legends EX Holos Only,EX Fire Red Leaf Green Holos Exc. Reverses,EX Fire Red Leaf Green EX Holos Only,EX Team Rocket Returns Holos Holos Exc. Reverses,EX Team Rocket Returns EX Holos Only,EX Deoxys Holos Exc. Reverses,EX Deoxys EX Holos Only,EX Emerald Holos Exc. Reverses,EX Emerald EX Holos Only,EX Unseen Forces Holos Exc. Reverses,EX Unseen Forces EX Holos Only,EX Delta Species Holos Exc. Reverses,EX Delta Species EX Holos Only,EX Legend Maker Holos Exc. Reverses,EX Legend Maker EX Holos Only,EX Holon Phantoms Holos Exc. Reverses,EX Holon Phantoms EX Holos Only,EX Crystal Guardians Holos Exc. Reverses,EX Crystal Guardians EX Holos Only,EX Dragon Frontiers Holos Exc. Reverses,EX Dragon Frontiers EX Holos Only,EX Power Keepers Holos Exc. Reverses,EX Power Keepers EX Holos Only,EX Set Gold Star Holos
Oct 2016,3788.38,2858.07,369.87,369.87,459.94,454.94,510.21,262.05,51,41,805.42,483.52,92.01,92.01,273.22,195.98,,,242.35,205.53,7,,115.91,98.5,70,,163.5,163.5,,,,,45.5,45.5,229.49,219.5,,,1192.14,1192.14,613.66,192.16,113,113,33,,33,,9.5,9.5,2.5,2.5,14.99,14.99,14.99,14.99,,,,,,,,,9.99,,,,,,133.78,133.78,,,26,26,15,15,8.5,,23.51,,15.5,,30.99,,,,,,,,298.45
Nov 2016,6636.07,5558.35,951.71,933.2,544.3,529.29,881.14,479.17,76.45,66.45,985.6,662.26,111.91,111.91,383.61,240.43,23.5,23.5,290.98,244.17,22.5,,410.2,309.86,127.41,,238,238,44.98,44.98,194.99,170,45.5,45.5,632.98,622.99,31.02,31.02,1488.54,1425.54,628.91,207.41,84.5,84.5,51.74,28.01,51.74,28.01,9.5,,2.5,,324.48,314.49,324.48,314.49,245.5,245.5,245.5,245.5,35.47,,,,41.48,,9.99,,9.99,9.99,186.48,176.49,,,,,24.99,24.99,16,7.5,,,25.49,,40.98,,,,18.5,,11.5,11.5,1658.19
Dec 2016,7437.45,6295.23,1466.5,1397.01,486.49,415.98,1009.54,534.77,98.95,81.95,782.07,447.74,118.97,111.47,560.11,307.17,35,35,364.49,317.68,50.37,12.5,482.02,381.68,146.92,21.5,658,658,85.95,79.96,460.49,387,45.5,45.5,703.49,693.5,31.02,31.02,1517.62,1454.62,691.51,,190,190,51.74,28.01,51.74,28.01,219.48,114,119.45,14,324.48,314.49,324.48,314.49,296.86,767,926.86,767,65.96,20.5,,,51.47,,,,,,170.75,160.76,,,58.49,,34.98,34.98,38.96,30.46,,,,,50.47,,38.93,,37.5,19,13.01,13.01,1786.44
Jan 2017,6565.65,5351.51,1487.78,1416.03,540.26,468.75,1062.67,600.18,100.59,83.59,777.28,448.45,148.27,140.77,567.16,314.23,35,,360.8,313.99,,,530.28,423.18,,,683.47,674.34,,,392.49,315,66,66,680.87,631.63,137.28,105.13,1500.1,1437.1,712.51,207.41,228.49,228.49,111.74,28.01,111.74,28.01,163.17,57.69,140.67,35.19,338.03,321.99,338.03,321.99,1013.36,840,1013.36,840,73.74,39,,,,,,19.66,14.4,24.13,205.75,195.76,,,,34.99,,,51.21,42.71,35.51,,25.49,,50.47,,97.43,34.5,,,,,1967.91
Feb 2017,6788.13,5605.4,1548.22,1471.97,578.97,510.95,990.79,514.48,140.13,94.09,876.19,491.45,148.27,140.77,637.32,352.98,,,408.81,362,,,750,628.14,143.92,19,678.22,669.09,85.95,79.96,503.09,425.6,,,877.28,785.03,479.69,441.57,1767.34,1704.34,724.51,,249.49,249.49,232.23,127,232.23,127,323.17,185.69,300.67,163.19,380.03,363.99,380.03,363.99,1083.85,850.5,1073.35,840,74.73,39.99,48.5,36,51.47,,49.09,58.76,,,217.16,195.76,37,37,58.49,,,,77.21,68.71,,,,,50.47,,,,,,,,2369.52
Mar 2017,6916.12,5634.8,1594.86,1441.41,631.62,466.61,990.31,542.93,140.67,94.63,863.43,474.85,156.5,149,725.38,446.31,82,82,454.8,398.63,,,732.05,610.19,164.25,22,735.59,726.46,120.02,114.03,681.58,584.94,99,99,964.57,801.41,527.33,472.49,2081.52,1973.57,727.55,235.46,298.71,291.69,814.38,151.09,804.39,141.1,507.03,306.04,454.03,253.04,410.03,393.99,410.03,393.99,1118.36,869,1107.86,858.5,,,,,51.47,,87.53,97.2,38.9,,252.89,231.49,66.25,66.25,54.99,34.99,49.98,49.98,,,,,52.48,26.99,,,140.42,67.5,65.5,36,17.36,,2943.96
Apr 2017,6930.98,5678.79,1918.21,1668.13,656.75,438.75,982.1,556.88,166.12,112.08,890.13,478.76,200.52,170.02,791.43,473.08,125.7,125.7,522.86,466.7,71.87,,838.95,673.02,182,,715.12,705.99,131.78,123.54,710.63,614.14,118.02,107.01,949.32,812.79,502.05,447.21,2147.53,2019.61,743.3,217.96,477.21,302.69,1433.77,289.67,1286.53,142.43,538.03,306.04,485.03,253.04,448.03,415.99,439.03,406.99,1469.85,1220.49,1459.35,1209.99,74.73,,84,71.5,,,32.49,42.16,38.9,24.13,295.88,274.48,104.5,,67.49,31.49,49.98,49.98,87.71,79.21,35.51,,55.23,,95.27,,152.99,84,143,44.5,27.36,23.01,2991.58
May 2017,8579.34,7112.36,1990.91,1712.57,718.96,532.22,1000.8,532.66,250.65,185.6,981.09,515.26,335.18,304.68,977,534.95,163.65,163.65,633.15,549,132.36,26,918.24,639.45,259.43,22,961.33,895.17,201.06,192.82,858.97,717.25,182.02,171.01,1188.08,1044.19,597.12,542.28,2383.57,2226.34,1010.94,287.96,494.71,320.19,1604,187.41,1538.01,121.42,735.1,462.36,669.11,396.37,844.02,811.98,835.02,802.98,2148.16,1881.36,2137.68,1870.86,99.62,64.88,114.86,102.36,186.55,119.08,70.65,80.32,38.9,24.13,412.24,390.84,101.5,58.5,114.21,43.99,111.43,96.43,231.5,223,67.11,,146.08,56.99,88.27,,152.99,84,127.99,58,27.36,23.01,4824.14
Jun 2017,9265.31,7634.4,2303.28,1748.58,784.72,520.44,1186.1,665.07,304.61,239.56,1007.13,548.61,346.64,316.14,1013.09,539.02,194.9,175.4,748.92,606.8,226.88,26,996.82,654.54,302.49,19.5,965.9,846.78,375.75,351.52,895.18,742.23,280.9,269.89,1174.63,1021.21,638.94,584.1,2658.72,247.099,1152.11,336.11,593.92,402.68,2690.69,917.48,2616.37,843.16,790.61,541.73,713.62,464.74,1083.22,1010.25,1054.23,981.25,3040.36,2363.74,3029.86,2353.24,96.73,61.99,144.81,132.31,401.88,175.24,131.15,131.81,55.4,50.49,486.39,464.99,127.45,58.5,141.66,90.71,150.43,135.43,265.9,246.95,179.57,60,174.08,84.99,215.81,63.5,240.93,149.94,255.12,160.18,99.33,94.98,4939.02
Jul 2017,9595.13,7955.61,2473.56,1813.62,835.98,558.63,1134.27,603.53,331.77,253.74,984.71,547.77,446.38,373.38,1433.08,662.98,237.15,200.65,834.93,579.48,212.83,,1226.85,744.74,387.18,23.97,1117.51,898.46,436.85,399.63,1077.36,872.93,350.38,339.38,1433.29,1203.92,610.26,543.43,3018.12,2726.42,1304.5,373.38,674.5,483.26,3215.16,969.42,3091.34,845.6,814.62,565.74,718.14,469.26,1197.15,1079.19,1153.17,1035.21,3391,2629.32,3380.5,2618.82,100.73,61.99,134.85,122.35,445.4,189.99,93.98,94.65,55.4,50.49,508.23,472.49,147.95,79,128.89,118.16,161.93,135.43,329.88,290.93,202.59,53.59,160.83,71.74,224.03,63.5,238.42,141.44,331.78,176.35,155.33,113.98,5520.85
Aug 2017,10154.63,8238.4,3106.4,2455.45,881.89,585.13,1183.14,630.02,336.24,259.21,1968.18,558.9,471.55,386.55,1414.49,689.82,321.61,260.12,896.34,580.9,254.32,,1305.77,783.39,515.08,71.5,1232.77,894.8,435.88,384.67,1056.37,808.48,338.89,327.88,1472.72,1217.38,586.54,548.64,3337.78,3034.09,1408.57,432.59,746.43,519.12,3307.07,878.42,3185.76,757.11,1051.38,737.5,916.95,603.07,1223.25,1074.19,1170.28,1021.22,3790.86,2833.82,3780.37,2823.32,,,179.07,142.62,393.36,162.99,,102.99,55.4,50.49,528.23,492.49,162.4,,198.94,105.39,161.93,135.43,356.88,317.93,277.64,92.75,154.58,,261.25,63.5,234.92,124.94,358.23,173.85,178.32,136.65,5957.97
Sep 2017,11591.2,9423.99,3465.64,2697.18,1055.68,587.19,1247.3,673.82,379.64,277.13,1130.05,546.89,407,312,1355.8,624.05,375.64,280.9,899.89,536.5,421.99,52.35,1425.08,839.78,604.51,65.38,1360.36,872.49,466.34,384.18,1020.43,756.06,411.17,352.22,1476.12,1140.33,596.64,545.75,3709.91,3404.24,1449.01,409.55,793.43,482.17,3644.74,869.17,3395.61,620.04,1501.24,1028.81,1317.82,845.38,1475.41,1325.86,1405.46,1255.9,4690.08,3704.02,4664.08,3678.02,148.88,150.13,190.32,152.87,376.37,158.49,144.06,108.49,55.4,50.49,540.2,504.46,239.9,144,258.54,175.44,158.18,,369.38,321.93,282.9,80,193.58,104.49,259.02,63.5,238.48,131,453.28,252.95,205.49,139.14,6759.3
Oct 2017,14982.29,12778.9,4518.76,3460.82,1124.73,595.5,1111.66,622.6,379.36,258.86,1136.55,569.13,410.43,308.94,1378.48,644.9,452.51,315.07,970.25,575.37,464.13,73.44,1535.95,866,531.88,,1280.73,795.86,492.1,404.93,1036.67,755.82,465.52,406.57,1558.64,1180.58,577.57,517.67,3958.53,3617.8,1726.95,385,899.42,556.67,4059.28,957.03,3755.42,653.17,1881.1,1396.95,1639.89,1155.74,1988.29,1794.8,1867.38,1673.88,5517.01,4370.24,5491.01,4344.24,197.62,181.77,205.19,168.74,386.03,188,236.96,163.48,99.41,120.5,536.85,485.15,280.34,129,311.49,219.59,169.73,146.98,386.05,338.6,316.17,84.99,295.58,126.49,301.12,67.05,265.7,131.97,449.31,244.99,222.8,235.92,6976.75
Nov 2017,17569.76,15013.13,5213.37,4157.06,1160.11,669.36,1208.36,618.51,429.27,302.21,1231.07,588.12,463.4,367.5,1387.62,715.78,429.98,319.74,1241.44,697.85,457.75,55.43,1729.86,976.38,439.04,64.63,1228.33,793.11,442.1,359.93,993.29,676.46,458.57,374.62,1695.67,1315.36,626.57,566.68,3996.82,3644.1,1568.63,393.51,968.2,612.23,4243.25,1130.56,3876.14,763.45,2059.11,1497.74,1765.55,1204.17,2464.08,2026.69,2343.17,1905.78,6787.6,5840.86,6763.35,5816.61,197.62,181.77,186.43,149.97,391.03,188.5,223.97,150.49,141.4,188.48,570.39,518.7,330.34,179,288.24,272.49,173.18,150.43,590.86,543.41,321.95,80.77,321.08,132.49,293.04,48.5,304.92,144.96,509.96,296.64,308.21,169.52,7968.98
Dec 2017,15101.83,12787.81,5831.99,4859.98,1294.04,703.33,1185.39,660.59,446.86,317.79,1209.6,615.6,404.43,289.15,1281.39,624.39,475.73,327.23,1249.61,669.38,465.13,,1631.56,845.59,486.79,60.88,1328.74,869.65,519.88,436.2,1123.02,768.44,486.57,402.62,1794.83,1360.77,640.12,580.23,4071.37,3705.16,1644.12,468.8,1018.04,635.1,4620.65,1284.78,4260.36,924.48,2301.18,1697.54,1999.32,1395.68,3317.03,2802.95,3168.14,2654.05,7217.6,6142.94,7192.6,6117.94,215.11,164.28,200.94,164.49,420.97,188.5,228.98,155.5,143.9,196.48,624.32,570.47,340.33,179,275.22,242.74,198.18,150.43,599.14,503.92,358.17,92,311.21,122.62,300.79,,288.76,144.96,422.47,209.15,361.13,169.95,7692.98
Jan 2018,15221.65,12606.94,6263.43,5182.19,1316.46,675.94,1242.19,687.42,494.75,358.7,1161.12,615.69,441.18,324.9,1289.97,623.84,521.03,372.78,1283.75,695.41,487.58,67.97,1775.13,879.36,411.81,56.38,1384.93,894.87,543.92,464.37,1108.82,740.25,485.36,401.41,1801.98,1331.45,716.82,619.77,3989.65,3602.01,1681.82,475.87,1038.61,643.87,4566.1,1174.61,4236.53,845.04,2406.97,1732.31,2098.11,1423.45,3454.7,2856.72,3292.82,2694.84,7368.69,6049.15,7343.69,6024.15,247.61,160.28,201.09,164.63,400.24,176.77,233.94,174,143.9,198.48,627.84,553,314.14,129,292.72,221.22,210.44,162.69,733.07,598.68,373.17,107,360.12,167.49,309.23,54.5,327.98,167.01,433.51,220.19,376.5,162.49,9334.34
Feb 2018,14332.82,11617.16,6083.39,4953.15,1428.62,695.68,1297.33,677.21,534.57,385.61,1138.78,546.74,443.95,297.66,1290.09,578.28,524.41,356.42,1299.86,645.15,549.11,67.97,1757.36,965.96,506.27,68.37,1627.41,1105.87,465.14,385.89,1121.55,773.73,485.4,401.45,1956.39,1453.61,725.15,628.1,4057.54,3600.99,1637.82,446.37,1044.97,637.24,4424.88,1162.32,4081.05,818.51,2511.11,1797.69,2183.78,1470.37,3474.28,2812.56,3312.4,2650.68,7731.32,6293.12,7706.32,6268.12,278.64,159.81,240.44,164,444.29,202.27,233.94,183.47,153.4,198.48,665.32,590.48,265.39,104,390.93,238.72,197.74,149.99,711.56,574.17,385.21,107,375.07,167.49,298.92,34.15,312.97,158.01,435.32,222,351.49,171.24,9828.69
Mar 2018,14412.41,11625.12,6308.16,5047.42,1857.88,734.36,1387.9,703.2,480.33,323.29,1404.28,608.48,489.03,329.3,1473.88,721.73,588.24,424.24,1409.71,731.23,543.39,75.48,1972.33,929.22,572.09,68.37,1701.14,1093.34,470.66,391.41,1173.09,825.26,473.66,389.71,2279.68,1770.68,750.32,653.27,4521.13,4030.33,1817.99,468.35,1041.72,627,5181.24,1396.54,4628.94,844.24,2834.61,1969.2,2504.77,1639.36,3390.18,2738.16,3216.3,2564.28,7640.06,5798.31,7614.02,5772.27,297.62,194.78,395.44,180.5,466.29,195.27,273.93,265.48,145.92,174.01,639.33,562.49,314.01,152.63,490.9,300.98,231.69,183.94,675.54,529.96,439.51,157.78,422.32,214.74,315.41,34.15,397.95,214.99,554.56,341.24,343.24,169.5,9886.49
Apr 2018,15856.32,12683.49,5408.84,4206.37,2039.47,754.65,1412.81,685.67,558.72,365.69,1757.87,597.18,540.8,373.06,1461.06,712.97,545.71,384.21,1540.07,768.16,557.77,95.49,1896.01,1077.96,604.25,68.37,1831.77,1062.81,547.35,447.21,1187.66,788.87,458.04,368.58,2249.43,1499.95,778.53,656.48,5112.34,4544.74,1828.68,461.62,1064.03,633.02,5248.92,1313.37,4703.39,767.84,2925.22,2014.88,2597.62,1687.28,3729.66,2730.64,3533.26,2534.24,8730.87,6880.81,8704.83,6854.77,358.32,235.49,431.37,211.48,502.02,215.5,288.93,270.98,143.96,168.02,656.58,574.99,422.54,169.25,455.16,307.76,251.16,203.41,803.94,603.67,459.95,175.07,408.45,179.88,437.48,63.45,392.99,214.11,526.6,313.28,334.22,168.5,10175.2
May 2018,14267.35,11813.14,5425.55,4384.94,1665.46,692.91,1367.01,671.79,527.51,321.49,1674.84,560.42,565.4,384.66,1384.62,745.67,542.96,377.08,1434.59,624.42,549.52,91.94,1945.98,975.58,583.23,68.37,1807.66,1073.43,537.74,431.33,1411.48,866.22,494.16,383.71,2031.2,1611.13,776.37,654.08,4949.03,4232.93,1750.94,437.62,1179.14,704.2,5503.75,1508.35,4984.84,989.43,3048.08,2055.89,2704.99,1712.79,3951.32,2907.28,3727.41,2683.36,8589.94,6631.35,8558.41,6619.82,353.58,245.49,435.36,215.47,465.01,197.49,288.93,269.98,141.93,168.02,659.09,577.99,468.06,203.25,475.16,300.77,321.16,273.41,808.42,601.65,556.72,209,455.93,227.36,434.26,63.45,588.36,267.88,496.2,297.62,360.5,135.03,9339.35
Jun 2018,14204.84,11746.63,5266.24,4194.77,1484.06,640.48,1251.56,681.84,555.72,349.9,1782.61,588.47,490,309.76,1298.16,626.78,540.13,348.28,1481.86,649.72,525.91,89.2,2040.19,1014.75,581.73,80.99,1913.4,1181.7,549.1,446.69,1413.04,875.99,447.14,336.69,2130.7,1679.37,759.72,637.48,4868.94,4204.46,1841.86,562.82,1102.35,656.89,5284.17,1260.48,4791.44,767.75,2920.74,2027.24,2578.89,1685.39,4024,2859.26,3725.8,2561.05,8897.73,6885.66,8849.71,6837.64,328.73,220.64,429.37,209.48,591.51,228.48,288.93,269.98,141.93,168.02,651.08,575.12,606.17,375.29,490.16,320.77,316.67,268.92,805.09,606.66,500.56,,455.93,227.36,404.31,70.49,384.38,210.83,542.43,318.3,311.79,158.21,10082.26
Jul 2018,13703.57,11585.36,5077.05,4004.11,1550.16,670.06,1296.74,712.51,532.58,316.02,11164.33,579.99,551.1,360.76,1363.76,681.55,560.2,384.85,2024.69,729.58,560.28,93.7,1917.81,1029.65,634.51,86.78,1792.89,1040.2,628.37,510.22,1392.58,836.83,500.25,371.3,1771.15,1392.79,814.96,703.41,4547.83,3885.3,1907.02,520.08,936.18,588.59,5667.91,1429.94,5106.72,868.75,2868.32,1977.31,2466.78,1575.78,4200.8,3010.32,3818.08,2627.6,8614.06,6590.49,8560.03,6536.47,328.3,220.21,442.37,222.48,573.01,209.98,288.93,,141.93,168.02,678.46,597.48,600.72,313.89,461.89,344.77,369.16,298.42,829.55,631.12,544.45,,399.71,171.14,344.5,87.83,389.12,214.9,514.3,313.3,336.56,175.43,9613.69
Aug 2018,14340.77,12335.57,5086.51,4085.59,1751.78,637.24,1227.28,656.26,573.72,359.16,1151.86,589.72,545.42,383.6,1416.78,681,567.38,377.05,1823.61,738.22,577.23,95.64,1917.42,916.25,654.17,79.94,1575.46,906.12,595.65,518.18,1331.73,775.99,494.5,365.55,1691.91,1335.63,792.5,670.95,4233.02,3542.74,1725.15,482.74,1206.29,852.21,5517.52,1440.04,4985.26,907.77,2906.53,1860.21,2448.2,1401.87,4141.27,2853.42,3750.95,2463.1,9198.61,7287.72,8967.09,7056.2,319.05,210.96,400.87,180.97,523.03,207,323.92,269.98,171.63,216.72,721.37,640.39,611.09,300.5,505.83,296,371.16,300.42,824.01,625.58,572.26,255,436.32,206.5,3489.33,88.17,427.8,240.09,545.14,339.79,359.68,146.86,9366.16
Sep 2018,14205.97,12128.55,4624.19,3684.32,1575.42,636.24,1217.75,613.5,563.83,359.04,1133.85,598.25,495.5,334.69,1329.87,615.43,562.63,364.31,1825.11,721.63,580.96,95.64,1971.04,954.06,595.26,67.27,1644.65,957.53,579.99,495.93,1300.97,735.65,473.5,344.55,1667.06,1312.48,804.68,670.38,5054.94,4216.77,1668.16,492.6,901.1,545.25,5488.97,1416.82,4954.74,882.6,2955.72,1898.36,2490.98,1433.62,4137.14,2870.32,3743.57,2476.75,9149.35,7292.21,8885.83,7028.69,313.55,205.46,414.37,,477.03,207,323.92,,179.38,224.47,748.87,664.89,605.42,300.5,560.12,283.15,376.91,306.17,834.87,638.08,574.26,,390.5,213,3489.33,,422.05,240.09,548.69,339.79,341.1,,8563.06
Oct 2018,14382.08,12247.06,4558.85,3613.81,1499.33,572.8,1259.84,656.99,552.66,347.88,1140.66,593.88,503.11,342.3,1338.99,621.67,527.3,334.86,1848.62,745.15,583.45,78.14,1943.09,1013.7,580.43,67.25,1614.53,926.72,585.8,501.74,1302.47,737.15,482.49,353.54,1669.33,1311.98,779.84,645.54,5090.62,4227.22,1675.94,488.88,915.01,559.17,5437.42,1454.7,4859.76,877.04,2986.05,1894.79,2508.08,1416.82,4320.06,2961.16,3926.49,2567.59,9142.36,7285.2,8878.84,7021.68,321.55,213.46,,,515,205.97,,,,,710.42,626.44,605.42,,564.12,310.83,390.15,311.92,860.08,653.3,574.26,,387.05,,,,422.05,,548.69,,,,8475.3
Nov 2018,14319.15,12210.55,4882.46,3951.67,1539.55,579.55,1247.77,658.89,561.72,331.47,1071.81,571.66,544.03,383.22,1339.06,617.72,549.56,360.34,1882.18,771.71,550.46,83.96,1914.75,992.21,575.64,56.5,1601.62,930.22,546.06,465.74,1264,698.68,473.49,344.54,1664.56,1308.48,783.09,645.54,5090.62,4227.22,1680.19,483.63,877.7,521.86,5391.53,1457.2,4808.89,874.55,2958.94,1875.26,2480.97,1397.29,4193.72,2834.15,3800.15,2440.58,9076.75,7201.21,8813.23,6937.69,316.2,208.11,414.37,194.48,515,205.97,,,194.37,216.02,717.17,626.44,598.97,287.5,547.52,314.83,390.15,311.92,858,651.22,574.26,255,371.05,197,,,422.05,,538.69,,,,8376.7
Dec 2018,14999.84,12923.26,4512.49,3383.45,1529.91,595.21,1133.33,672.49,535.28,307.27,1076.69,590.48,501.23,340.56,1345.16,611.65,574.08,390.76,1510.48,742.1,597.19,68.05,1957.47,955.87,611.58,56.5,1540.46,864.07,544.56,464.24,1286.28,756.97,447.7,318.75,1573.85,1215.31,766.08,620.54,5024.36,4167.7,1655.77,473,930.9,575.07,5391.03,1426.58,4838.33,873.88,3075.46,1919.01,2587.54,1431.09,4171.31,2776.64,3767.74,2373.07,8901.01,6933.71,8631.99,6664.69,324.19,216.1,435.85,175.98,524.5,215.97,354.92,271.98,194.37,216.02,744.67,633.44,609.95,293.03,500.52,298.23,354.52,276.29,856,649.22,555.23,230,,,3489.33,,421.05,236.09,527.13,312.98,350.22,155.48,7690.81
Jan 2019,13148.2,11096.77,4431.41,3276.1,1515.04,577.68,1356.35,694.58,531.23,318.18,1090.3,537.89,463.24,292.66,1231.27,570.83,564.99,372.06,1463.63,690.14,538.54,68.05,1932.65,981.43,638.03,64.5,1529.9,835.52,586.95,495.43,1354.55,842.25,450.67,321.72,1578.39,1231.82,730.52,584.99,4974.59,4076.12,1688.78,490.98,862.93,507.09,5052.19,1465.73,4466.28,879.82,3094.09,1907.6,2539.37,1352.88,4050.98,2634.17,3652.42,2235.61,8110.61,5884.04,7835.59,5609.02,317.7,209.62,450.86,190.99,467.52,202.98,350.92,218.99,236.56,238.67,779.01,638.5,630.12,299.5,579.51,250.23,344.9,288.42,906.41,684.63,500.29,,310.62,167,353.05,,428.65,243.69,527.13,311.74,334,136.75,7767.27
Feb 2019,12534.03,10637.65,4185.01,3056.23,1470.99,552.98,1406.38,661.49,568.63,352.59,1108.63,561.94,453.2,282.62,1311.69,599,451.76,283.83,1342.93,587.54,510.49,67.98,1941.45,946.71,570.24,66.49,1458.71,764.34,675.81,564.3,1239.47,738.16,510.7,381.75,1713.74,1367.16,772.67,625.38,5028.52,4212.78,1542.29,454.51,1513.99,1137.46,4871.68,1394.68,4226.7,749.71,3225.92,2003.71,2710.94,1488.73,3910.7,2464.93,3524.95,2079.18,8561.2,6259.36,8285.19,5983.35,314.8,195.11,453.67,184.43,443.78,184.99,392.76,262.78,236.56,238.67,773.36,633.51,579.65,223.55,513.51,329.22,352.39,295.91,894.96,673.18,506.03,221.5,317.62,169.5,346.31,82.17,501.56,284.6,545.05,355.2,326.69,134.96,7601.97
Mar 2019,13591.83,11486.74,4263.22,3085.09,1501.86,587.95,1211.78,692.96,510.06,299.25,1074.33,553.75,466.52,295.94,1258.84,575.26,520.75,351.56,1430.2,656.1,544.26,77.49,1899.3,937.05,591.89,76.45,1449.44,744.33,670.51,546.17,1369.57,880.74,524.45,395.5,1699.73,1335.41,790.79,643.49,5053.19,4197.65,1736.2,485.23,1797.41,1415.88,4847.75,1323.1,4215.1,690.45,3333.82,2073.07,2788.72,1527.95,4003.01,2546.73,3617.25,2160.97,8120.44,5754.38,7844.44,5478.37,317.2,195.11,455.42,198.62,455.73,179.49,437.27,262.78,290.05,265.67,726.96,574.61,601.61,251,487.43,283.72,402.39,,862.46,635.68,513.05,221,306.37,154.51,344.57,,478.9,260.95,566.55,,325.69,129.44,7766.27
Apr 2019,13148.26,11100.26,4529.92,3819.02,1633.59,695.68,1280.87,750.35,527.59,312.29,1066.42,563.84,499.25,340.67,1215.07,618.04,488.19,313.26,1419.38,628.83,537.52,68.66,2010.92,899.09,596.63,68.4,1492.71,775.25,581.48,446.24,1264.72,775.89,543.45,405.51,1605.54,1241.22,795.03,647.74,5144.19,4264.3,1613.39,428.83,1007.35,622.82,4784.14,1409.23,4231.48,856.58,3224.27,1941.11,2657.12,1373.96,4058.43,2587.26,3672.68,2201.49,7971.57,5677.26,7642.56,5348.24,320.6,220.5,451.75,194.95,458.23,181.99,404.02,233.78,277.05,275.15,748.85,593.52,577.86,251,487.43,283.72,391.89,291.41,939.29,702.76,598.79,240,362.87,206.51,346.97,,554.67,348.21,596.47,386.69,304.9,133.68,7602.98
May 2019,12879.19,10732.36,4226.18,3171.97,1490.24,666.14,1306.63,794.15,532.99,309.7,1168.99,653.33,479.17,275.6,1345.99,681.5,498.53,311.11,1446.22,643.68,557.29,63.9,2099.13,961.7,604.78,57.99,1712.89,998.27,573.14,442.39,1257.91,779.63,544.38,406.44,1662.28,1302.46,816.32,665.03,5219.44,4327.13,1613.87,442.72,1095.26,696.72,4744.73,1339.66,4171.57,766.5,3488.74,2021.2,2955.59,1488.07,4137.09,2537.8,3738.09,2138.8,7653.05,5286.02,7337.56,4970.53,330.89,221.65,443.25,186.45,475.48,,405.48,246.99,267.55,265.65,719.64,572.52,587.11,252,510.02,283.72,396.89,296.41,973.55,728.77,589.8,240.01,519.42,346.4,346.22,82.17,564.52,358.44,615.47,405.69,322.4,161.14,6972.13
Jun 2019,13416.02,10985.01,4287.1,3237.72,1598.22,714.2,1558.34,968.39,613.17,389.76,1287.37,733.54,563.55,345.99,1394.29,701.76,540.36,352.94,1538.2,712.91,547.93,78.5,2283.78,1059.38,684.96,67.5,1639.31,909.48,614.71,471.97,1299.48,838.68,533.65,395.71,1843.01,1471.5,851.45,700.16,4589.97,3726.66,1796.26,468.63,977.39,566.86,4916.26,1369.7,4336.61,790.06,3719.13,2130.72,3163.49,1575.08,4107.45,2526.57,3708.45,2127.57,8511.14,5746.49,8187.47,5422.51,373.63,252.4,480,223.19,502.49,204.75,388.88,215.5,298.13,281.74,730.79,589.8,592.59,266.69,531.8,306.31,426.47,298.97,923.09,681.4,526.09,165.06,511.56,,353.35,82.17,536.5,331.97,559.02,372.24,346.3,184.03,7550.97
Jul 2019,13874.05,11709.58,4310.78,3189.83,1520.63,700.12,1545.91,920.92,596.6,362.45,1430.59,809.87,574.04,371.21,1461.09,725.25,558.33,366.45,1554.96,708.22,571.06,78.5,2440.05,1213.27,729.68,67.5,1754.63,1002.57,628.46,485.71,1245.21,776.41,473.56,335.62,1870.42,1509.4,799.61,636.82,4968.25,4081.46,1752.12,474.39,985.44,588.59,5151.16,1439.13,4532.82,820.8,3561.7,2022.63,2994.7,1455.63,3943.2,2232.8,3526.82,1906.41,8764.6,5908.2,8346.1,5579.7,327.23,213,484.71,232.91,496.94,192.76,393.38,236.49,254.36,237.97,754.73,590.02,626.16,282.99,536.55,328.09,466.48,338.98,924.6,680.4,534.78,174.75,475.5,276.79,347.33,,542.48,303.86,550.01,372.23,346.08,176.31,7222.75
Aug 2019,14428.16,12136.94,4301.06,3192.01,1706.88,834.67,1552.3,971.03,629.96,394.32,1432.06,668.92,607.3,391.5,1642.73,836,610.93,404.42,1692.55,810.47,638.39,73.5,2394.91,1283.92,871.35,68.92,1878.35,1144.33,695.52,472.8,1292.19,831.39,476.06,343.12,1742.98,1384.06,824.19,671.88,5024.37,4124.5,1903.11,506.41,1052.63,657.4,5630.73,1675.73,4824.85,869.86,3663.49,2070.66,3032.28,1439.44,4021.65,2393.25,3605.27,1976.87,9092.05,6062.77,8776.56,5747.28,339.08,221.6,,,517.42,191.7,400.38,265.49,262.94,247.46,838.22,660.52,673.38,287.19,529.4,328.09,495.48,338.98,930.08,,500.53,142.5,539.77,328.78,372.33,107.17,506.83,268.26,551.01,367.23,328.81,146.03,7808.32
Sep 2019,15522.5,12980.59,4497.46,3389.28,1840.05,971.5,1623.8,1055.36,671.79,447.3,1524.49,837.03,598.27,368.23,1644.27,820.6,679.66,455.66,1762.04,872.52,651.32,,,1265.85,850.53,53.01,1956.03,1191.2,703.42,480.31,1260.63,817.36,473.06,340.12,1866.61,1488.3,684.07,531.76,5236.11,4314.73,1779.08,511.43,1046.02,654.77,5607.44,1621.4,4803.54,817.5,3719.27,2148.21,30340.25,1469.19,4124.35,2448.11,3699.47,2023.22,8966.4,5737.02,8604.09,5374.72,360.36,231.87,499.35,226.93,485.82,183.44,409.88,274.99,262.94,,863.21,685.02,668.8,,526.4,317.59,472.98,316.48,981.58,731.9,500.47,,528.63,328.78,365.73,,518.13,280,553.01,369.23,334.46,154.89,7563.85
Oct 2019,15683.87,13186.75,4593.53,3458.11,1632.33,839.75,1667.23,1122.58,779.41,555.67,1484.24,801.74,574.33,344.29,1757.3,852.79,666.42,435.68,1851.02,868.3,696.31,73.5,2697.53,1388.68,903.38,,1923.58,1142.49,722.43,491.32,1285.18,829.38,489.55,356.61,2023.51,1651.69,864.85,712.54,5383.43,4467.35,1832.11,506.43,1028.17,629.92,5577.23,1574.84,4760.56,758.18,3828.45,2220.59,3127.95,1520.1,3955.34,2485.72,3515.47,2045.86,9196.89,5924.03,8803.84,5530.98,340.36,221.37,513.87,239.94,579.62,,,,,247.46,864.22,687.02,667.35,287.19,577.13,,481.47,311.47,973.08,729.89,521.46,155.99,435.03,231.79,397.26,,523.96,276,562.77,379.99,337.46,157.89,8410.11
Nov 2019,15961.09,12758.36,4988.1,3807.76,1803.42,970.35,1895.36,1291.68,704.78,453.42,1599.42,984.7,605.13,363.13,1870.95,957.82,664.05,436.44,1879.37,897.99,700.45,73.5,2808.15,1489.17,855.84,53.01,2019.99,1235.91,727.55,477.96,1471.13,982.34,523.75,390.81,2759.07,2387.24,835.47,686.15,5432.99,4507.97,2044.12,543.83,975.9,577.65,5949.28,1674.31,5119.61,844.64,3933.15,2302.73,3242.64,1612.22,3926,2415.46,3483.41,1972.87,10025.14,6623.79,9613.09,6211.74,344.85,233.09,508.67,239.94,524.87,212.05,408.88,283.99,265.94,250.46,832.79,645.59,683.18,,556.13,,,311.47,1117.03,873.85,526.03,160.95,457.02,249.79,402.76,107.17,520.46,285.99,587.26,392.98,340.96,154.88,8357.86
Dec 2019,17276.22,13630.29,4912.07,3732.13,1636.94,853.92,1881.78,1275.9,684.16,429.31,1648.67,955.79,575.25,332,1800.54,951.82,610.18,398.81,1959.18,946.55,713.16,94.99,3130.74,1605.79,809.95,59.85,2558.99,1757.76,844.77,573.19,1412.64,928.87,565.89,415.96,3092.51,2655.43,917.72,768.41,5892.05,4967.03,2072.99,525.51,1016.66,614.41,5645.11,1370.31,5092.48,817.67,4251.77,2431.55,3508.39,1688.16,4125.13,2588.37,3680.54,2143.78,10072.99,6606.59,9633.19,6166.8,384.58,236.29,523.23,243.44,774.22,256.64,415.18,497.25,323.06,273.83,884.93,667.64,694.47,378.72,552.78,296.59,459.96,295.54,1262.02,869.83,522.89,96.75,429.04,207.79,514.03,114.01,582.93,297.18,611.28,411,395.9,201.57,8384.06
Jan 2020,15129.9,12616.67,5458.71,4150.97,1808.84,1061.04,1853.98,1262.75,737.18,491.51,1880.1,1178.02,676.6,431,1813.24,1041.89,716.35,504.98,2214.41,1205.18,757.02,72.01,3511.47,1871.31,819.2,55.99,2631.18,1823.28,979.83,712.75,1536.26,1050.99,589.29,426.86,2637.45,2197.36,973.2,823.89,6216.89,5215.35,2248.95,640.49,1138.45,736.2,5681.32,1535.43,5113.7,967.81,4402.73,2464.52,3656.07,1717.86,4484.92,2930.01,4040.33,2485.42,10465.46,6984.83,10029.91,6549.28,390.63,251.76,524.72,244.93,851.72,334.13,433.17,496.5,324.05,273.83,1035.46,809.38,686.86,378.72,531.2,296.59,515.16,350.83,1299.22,922.04,618.44,185.75,464.54,234.77,470.12,,579.42,294.23,591.88,395.1,431.63,217.81,9462.83
Feb 2020,18556.78,15718.58,5611.95,4364.98,1948.76,1102.97,2483.66,1795.14,813.35,570.99,2346.95,1548.97,2998.06,472.46,2117.91,1251.75,724.66,490.04,2385.2,1323.33,726.38,87.83,3785.32,1987.72,952.39,55.99,3335.32,2511.14,1222.28,954.46,1635.35,1123.58,600.78,438.35,2744.89,2299.31,968.72,819.4,6369.16,5350,2402.07,680.62,1433.41,989.6,7106.48,1653.22,6449.35,996.11,4463.43,2502.85,3720.28,1759.7,4635.18,3026.89,4167.52,2559.24,10660.2,7148.26,10212.17,6700.23,850.66,380.38,628.28,345.29,784.21,369.13,447.77,336.49,344.55,305.34,1197.01,970.92,724.32,390.2,575.55,297.82,557.88,381.81,1329.72,952.54,559.09,146.4,470.7,241.28,478.86,,674.98,341.03,693.15,443.87,494.48,263.63,8795.91
Mar 2020,18958.94,15658.73,5669.07,4417.44,2277.88,1329.95,2501.72,1780.99,906.66,634.3,2491.81,1681.19,3132.5,587.91,2353.7,1368.14,794.38,521.5,2335.32,1301.2,763.86,139.46,5486.44,2248.07,1100.88,93.08,3369.16,2539.49,1351.13,1044.76,2063.55,1505.35,776.41,583.98,3190.72,2749.13,1271.36,1110.06,7578.56,6563.27,2801.59,735.18,1356.62,910.12,8238.68,1615.72,7569.56,946.6,4826.48,2738.13,4083.33,1994.98,5035.18,3425.9,4567.53,2958.25,13142.42,8379.58,12667.41,7904.57,832.95,396.91,629.49,346.5,794.21,369.13,426.28,,344.55,333.8,1249.1,993.91,878.53,390.2,602.76,342.18,698.07,458.01,1540.43,952.54,632.45,193.43,638.19,400.27,475.35,,709.78,349.53,735.14,,470.62,245.29,10955.89
Apr 2020,25564.42,21585.72,6845.29,5372.89,2627.09,1614.86,3677.52,2837.91,1294.85,842.16,2791.53,1893.1,978.75,667.42,3107.95,1828.52,1199.75,808.59,3692.2,2562.22,1092.72,155.48,6461.86,3830.61,1538.64,108.98,6466.56,5453.81,2099.47,1640.38,3401.05,2797.19,1160.24,946.8,5316.34,4771.39,1963.97,1746.71,9618.08,8538.3,3535.68,1136.56,2633.87,2152.09,9752.35,2417.19,9040.5,1705.34,6793.88,3584.93,5926.6,2717.66,7808.88,4935.51,7252.78,4379.41,16910.24,10801.31,16331.39,10222.45,535.58,401.41,786.32,452.33,1117.7,527.46,579.25,439.48,391.06,398.03,1695.47,1404.57,1060.13,390.2,915.12,356.67,971.07,611.25,2232.66,1588.25,908.8,315.64,939.26,577.48,646.27,160,844.23,426,1109.42,787.75,514.48,268.46,14057.95
May 2020,32282.7,27912.76,9208.59,7671.05,3015.09,1986.79,4309.82,3377.38,1477.21,979.18,3692.93,27443.93,1437.38,1063.87,4308.9,2907.49,1625.49,1209.5,4695.7,3399.21,1325.52,278,7652.07,4884.48,2327.59,170.05,8818.52,7727.76,2467.56,1963.11,5998.02,4998.3,1587.67,1367.41,7268.69,6632.22,2378.99,2096.03,11681.75,10468.78,5087.77,1402.3,3018.91,2458.43,11028.07,3224.93,9940.73,2137.59,9267.23,5624.07,8309.53,4666.39,10032.03,7054.23,9405.04,6427.24,21199.33,14454.94,20422.9,13678.52,748.7,582.44,977.91,566.93,1490.19,825.69,662.94,472.98,457.8,491.03,1932.57,1608.92,1744,1024.2,1389.67,566.08,1102.13,710.25,3643.13,2957.56,961.52,336.95,970.81,608.73,686.24,160,1113.95,607.48,1433.69,1095.8,673.87,309.46,20344.96
Jun 2020,35770.11,30894.07,12347.35,10533.47,3855.75,2704.25,4660.72,3556.25,1839.56,1313.44,3891.55,2898.09,1628.89,1136.31,4763.61,3090.79,1947.78,1306.05,5559.27,3808.82,1872.1,202.5,7491.98,5881.88,2223.07,130.5,10160.41,8786.68,3644.67,3078.85,6418.57,5319.12,1957.28,1711.7,8667.94,7908.8,2793.68,2458.24,15131.92,13817.33,6249.23,1925.95,3463.02,2721.08,14442.55,4103.31,13062.72,2723.48,11334.55,7323.61,10233.47,6222.53,11610.31,8504.81,10901.39,7795.89,25395.19,18352.19,24630.53,17587.53,971.3,1040.03,1166.93,687.45,1805.36,1054.94,1233.91,1002.47,510.54,497.28,2352.61,1942.44,2022.92,,1461.16,1006.99,2176.54,1697.28,4179.94,3267.95,1284.71,571.42,1224.37,596.24,900.46,271,1394.49,630.73,1456.64,1067.07,964.39,449.46,23201.49
Jul 2020,41624.22,35392.12,13893.74,11702.14,4229.97,2815.93,4629.9,3511.18,1958.77,1315.17,3850.2,2834.81,2406.43,1248.91,4690.77,3020.09,1924.61,1437.17,5599.73,3848.84,2067.01,215,7881.69,5493.62,2446.71,195.99,10003.96,8619.16,3874.41,3303.8,5453.05,4271.45,2037.4,1770.57,8421.61,7511.95,2887.2,2542.02,16804.53,15409.72,6806.24,2040.42,4033.93,3146.84,14996.47,4458.55,13898.74,3361.82,12567.31,8060.44,11284.45,6777.58,13698.64,10126.5,12695.4,9123.25,25359.29,17336.33,24420.17,16397.2,1004.04,1072.99,1179.19,703.23,2294.93,1231.18,1020.43,708.98,608.73,630.28,2901.46,2436.24,3248.51,1197.5,1833.03,1332.89,2315.84,1830.4,3922.95,2902.93,1531.64,571.26,1885.31,1133.12,1268.01,490.78,1566.92,703.47,1882.32,1306.97,1011.23,532.19,26418.74
Aug 2020,53946.81,44700.47,18838.4,14212.49,5178.04,2979.3,4885.81,3377.94,2040.37,1369.01,4275.82,2996.07,2520.29,1330.56,5262.46,3278.61,2037.93,1521.49,5618.6,3735.05,2105.13,228,8784.3,5741.63,2631.61,204,10426.3,8923.45,4114.9,3475.52,5594.59,4333.24,1981.76,1724.37,8333.14,7372.15,3414.03,3061.01,16821.63,15377.66,6671.6,2042.55,5520.9,4398.8,16980.38,4417.26,15682.5,3119.38,13830.8,8876.91,12325.08,7371.19,14350.78,10516.14,13003.45,9168.81,29333.61,20056.26,28201.84,18924.49,1219.44,1272.53,1207.36,734.49,2343.72,1246.72,1187.08,954.63,716.42,735.32,3519.48,3054.26,3724.85,1562.5,1876.73,1425.58,2232.32,1736.87,4091.69,2912.63,1663.36,,1981.09,1099.24,1448.48,467.17,1870.57,859.24,1855.1,1263.65,1188.98,549.76,26558.1
Sep 2020,68546.13,56129.74,22261.49,18864.28,6329.01,4340.6,5863.53,3929.61,2446.7,1664.01,5247.14,3440.41,2659.74,1398.24,6293.09,3819.51,2477.81,1794.1,5619.91,3707.94,1964.86,373.98,11786.4,6600.09,2767.52,215,11137.26,9543.42,4152.06,3191.88,5647.22,4340.1,1874.02,1572.19,8282.75,7392.28,3498.64,3120.61,17980.29,16416.56,6911.16,2194.58,5397.01,4210.66,20949.58,4434.82,19595.21,3080.45,16186.8,11142.06,14667.52,9622.78,14517.29,10725.14,13104.43,9312.28,30379.22,20754.99,29103.9,19479.67,1622.08,1652.15,1385.13,911.49,2699.23,1303.24,1454.42,1222.97,739.93,804.96,3623.48,3119.26,3494.93,1582.5,2173.09,1629.93,2394.83,1893.37,4345.43,3095.37,1703.32,548.04,1919.01,1028.69,1549.7,,1869.31,852.99,2048.99,1422.12,1464.55,688.62,28090.72
Oct 2020,159305.39,141837.07,41863.65,36531.46,14380.89,11264,10745.95,7046.73,3135.32,2213.97,10344.48,7180.49,3336.24,2295.57,10937.73,6873.77,3414.07,2553.71,7503.38,5013.06,2337.14,,13087.87,9355.08,3784.18,390.46,15647.48,13927.59,6277.7,4818.98,7149.91,5634.65,2541.97,2148.84,11740.93,9998.53,5128.57,4734.53,20500.06,18491.33,9763.27,3019.03,9014.19,6132.23,24626.54,5712.72,22971.74,4057.91,17610.71,11301.76,15468.24,9159.29,17527.89,13527.57,16070.51,12070.19,34436.31,24052.83,33009.22,22625.74,2030.94,1988.51,1544.07,955.41,3337.89,1519.98,1900.71,1669.26,759.93,814.96,5397.85,4832.64,3903.56,1872.5,2408.24,1845.59,2413.05,1835.59,5141.95,3857.89,2232.91,786.2,2242.21,1217.64,1541.54,514.95,2143.2,904.25,2763.09,1830.87,1688.33,686.62,36445.68
Nov 2020,102797.12,88822.01,28199.18,22626,10428.5,7170.52,9415.41,6026.21,3074.93,1884.38,8944.21,5765.6,3212.31,2124.86,11445.95,6590.98,4080.93,2947.27,8204.67,5576.47,2950.07,,,9908.41,4130.95,216.84,21164.42,19109.46,6734.19,5264.73,8425.78,6605.15,2913.82,2464.11,12963.77,11182.61,5512.65,4063.34,25366.85,23045.48,11489.05,3355.48,10727.65,8137.91,32479.22,6579.19,30870.57,4970.54,18575.06,12084.58,16215.05,9724.58,17806.34,13642.76,16236.21,12072.63,43719.47,31630.68,42131.89,30043.1,2307.71,2062.48,1803.42,1213.55,4448.2,1774.32,1967.8,1678.34,1029.47,1005.05,6560.49,5915.27,4145.95,1792.5,2653.13,1894.69,3239.11,2402.64,6205.67,4519.44,2171.43,680.5,2266.3,1217.64,1638.27,534.95,2666.6,1312.34,3146.81,2008.37,3422.66,943.24,47826.21
Dec 2020,93811.81,81959.61,23471.08,17695.62,8825.92,5191.49,8498.13,5142.03,3740.53,2283.25,7293.6,4263.16,3022.38,1891.39,9877.34,5341.35,3846.2,2798.97,7676.18,4653.9,2831.22,370.94,11356.52,8182.31,3614.93,194.9,22370.29,20213.25,6366.66,4725.15,8146.07,5919.78,2824.07,2494.93,13489.7,11909.77,5326.36,4704.79,24951.15,22439.17,10940.42,3135.34,8288.98,5448.77,32167.55,6162.81,30324.38,4319.64,19235.01,12216.1,16816.24,9705.74,20432.81,16028,18873.97,14456.55,41760.82,28884.31,39631.93,26755.42,2294.72,1968.76,2183.13,1465.25,3479.57,1855.66,2128.61,1855.15,1058.53,1005.05,6422.7,5551.23,4458.4,1693,2854.92,2073.53,3001.36,2098.89,8828.22,6937.74,2403.94,665,2482.2,1217.64,2231.2,732.07,2772.05,1362.01,3134.84,2123.48,2101.04,1053.28,41512.13
Jan 2021,85298.98,72375.86,22388.85,16504.92,8900,5302.4,8125.61,4810.39,3814.06,2351.75,7493.23,4356.69,3427.22,2128.27,10581.48,5394.97,3941.69,2968.98,7754.98,4726.7,2949.13,426.99,11173.87,7340.88,3728.27,,20449.09,18288.55,6438.83,4801.68,,,2882.3,2453.19,13722.96,12143.03,5247.59,4610.55,25355.26,22858.47,9951.1,3249.38,8401.85,5597.65,30491.52,5603.07,28665.36,3776.91,19251.7,12105.53,16862.93,9625.17,21192.51,16784.96,19440.73,15020.52,41064.05,28162.87,38918.16,26016.98,2643.6,2317.64,2103.88,1486,3678.4,1779.49,2244.28,1870.81,1058.53,1005.05,6352.75,5469.78,4530,,2854.92,2073.53,,,8788.22,,2400.94,,2671.04,1332.64,2281.09,,2767.55,1342.01,3034.79,2036.99,2124.89,1077.13,41020.65
